{"cameraMode":{"drawMode":0,"name":"Shaded","section":"Shading Mode"},"sceneLighting":true,"audioPlay":false,"sceneViewState":{"m_AlwaysRefresh":false,"showFog":true,"showSkybox":true,"showFlares":true,"showImageEffects":true,"showParticleSystems":true,"showVisualEffectGraphs":true,"m_FxEnabled":true},"in2DMode":false,"pivot":{"x":-1.2248525619506837,"y":2.7414731979370119,"z":17.115203857421876},"rotation":{"x":0.2338571697473526,"y":-0.7021000981330872,"z":0.26574409008026125,"w":0.6179676055908203},"size":9.924748420715332,"orthographic":false}