{"cameraMode":{"drawMode":0,"name":"Shaded","section":"Shading Mode"},"sceneLighting":true,"audioPlay":true,"sceneViewState":{"m_AlwaysRefresh":false,"showFog":true,"showSkybox":true,"showFlares":true,"showImageEffects":true,"showParticleSystems":true,"showVisualEffectGraphs":true,"m_FxEnabled":true},"in2DMode":false,"pivot":{"x":11.195704460144043,"y":-47.134742736816409,"z":-81.09526062011719},"rotation":{"x":0.012665092013776303,"y":0.9747432470321655,"z":-0.21572870016098023,"w":0.057133812457323077},"size":68.54380798339844,"orthographic":false}